TicketID,DateOpened,EmployeeID,Category,Priority,Status,Subject
T-2001,2026-09-01,1003,Benefits,Medium,Closed,How do I add a dependent to my medical plan?
T-2002,2026-09-01,1006,PTO,Low,Closed,How many PTO days do I have left?
T-2003,2026-09-02,1009,Payroll,High,Closed,My direct deposit did not arrive this cycle
T-2004,2026-09-02,1015,Onboarding,Medium,Closed,I cannot access the HR portal
T-2005,2026-09-03,1005,Policy,Low,Closed,What are the anchor office days?
T-2006,2026-09-03,1017,Benefits,Medium,Open,When is open enrollment this year?
T-2007,2026-09-04,1007,Remote Work,Medium,Closed,How do I request fully remote status?
T-2008,2026-09-04,1019,Payroll,High,Open,Overtime hours missing from my paycheck
T-2009,2026-09-05,1002,Learning,Low,Closed,How do I use my training budget?
T-2010,2026-09-05,1016,PTO,Low,Closed,Do part-time employees accrue PTO?
T-2011,2026-09-08,1004,Benefits,Medium,Open,Question about HSA rollover
T-2012,2026-09-08,1008,Policy,Low,Closed,What is the overtime pay rate?
T-2013,2026-09-09,1013,Payroll,High,Closed,Need a copy of my pay statement
T-2014,2026-09-09,1020,Onboarding,Medium,Open,New hire cannot enroll in benefits
T-2015,2026-09-10,1011,Learning,Low,Closed,Can I attend a conference on the training budget?
T-2016,2026-09-10,1001,Policy,Low,Closed,Clarify carryover rules for PTO
T-2017,2026-09-11,1018,Recruiting,Medium,Open,Interview scheduling tool access request
T-2018,2026-09-11,1010,Benefits,Medium,Closed,Life insurance coverage amount
T-2019,2026-09-12,1014,Remote Work,Low,Closed,Home-office stipend eligibility
T-2020,2026-09-12,1012,PTO,Medium,Open,Sick leave documentation requirement
